0,92893,0,92315,0,92395.2,,,,,,,,,,,,
5.48E-07,92705,,,4.93E-08,92267.7,,,,,,,,,,,,
2.19E-06,92757,1.37E-07,92116,1.97E-07,92301.8,,,,,,,,,,,,
4.93E-06,92742,5.48E-07,92160,4.44E-07,92288.3,,,,,,,,,,,,
8.77E-06,92732,1.23E-06,92140,7.90E-07,92286.7,,,,,,,,,,,,
1.37E-05,92714,2.19E-06,92138,1.23E-06,92282.4,,,,,,,,,,,,
1.97E-05,92690,3.43E-06,92135,1.78E-06,92278.8,,,,,,,,,,,,
2.69E-05,92657,4.93E-06,92132,2.42E-06,92273.9,,,,,,,,,,,,
3.51E-05,92616,6.72E-06,92128,3.16E-06,92268.2,,,,,,,,,,,,
4.44E-05,92564,8.77E-06,92124,4.00E-06,92262,,,,,,,,,,,,
5.48E-05,92500,1.11E-05,92120,4.93E-06,92255.8,,,,,,,,,,,,
6.63E-05,92423,1.37E-05,92115,5.97E-06,92249,,,,,,,,,,,,
7.89E-05,92333,1.66E-05,92109,7.11E-06,92241.4,,,,,,,,,,,,
9.26E-05,92232,1.97E-05,92102,8.34E-06,92232.8,,,,,,,,,,,,
0.00010742,92120,2.32E-05,92094,9.67E-06,92223.4,,,,,,,,,,,,
0.00012331,91999,2.69E-05,92083,1.11E-05,92213.5,,,,,,,,,,,,
0.00014029,91868,3.08E-05,92070,1.26E-05,92203.1,,,,,,,,,,,,
0.00015836,91729,3.51E-05,92055,1.43E-05,92192.1,,,,,,,,,,,,
0.00017752,91584,3.96E-05,92038,1.60E-05,92180.6,,,,,,,,,,,,
0.00019778,91433,4.44E-05,92018,1.78E-05,92168.8,,,,,,,,,,,,
0.00021912,91277,4.95E-05,91995,1.97E-05,92156.5,,,,,,,,,,,,
0.00024156,91117,5.48E-05,91970,2.18E-05,92143.6,,,,,,,,,,,,
0.00026509,90952,6.04E-05,91942,2.39E-05,92130.3,,,,,,,,,,,,
0.00028971,90787,6.63E-05,91912,2.61E-05,92116.5,,,,,,,,,,,,
0.00031541,90618,7.25E-05,91879,2.84E-05,92102.2,,,,,,,,,,,,
0.00034221,90448,7.89E-05,91845,3.08E-05,92087.5,,,,,,,,,,,,
0.00037009,90273,8.56E-05,91807,3.34E-05,92072.4,,,,,,,,,,,,
0.00039905,90095,9.26E-05,91768,3.60E-05,92056.8,,,,,,,,,,,,
0.00042911,89913,9.99E-05,91726,3.87E-05,92040.6,,,,,,,,,,,,
0.00046024,89725,0.00010742,91682,4.15E-05,92023.7,,,,,,,,,,,,
0.00049247,89532,0.00011523,91636,4.44E-05,92006.5,,,,,,,,,,,,
0.00052577,89334,0.00012331,91588,4.74E-05,91988.8,,,,,,,,,,,,
0.00056016,89132,0.00013166,91538,5.05E-05,91970.7,,,,,,,,,,,,
0.00059563,88927,0.00014029,91487,5.37E-05,91952.2,,,,,,,,,,,,
0.00063218,88719,0.00014918,91434,5.70E-05,91933.3,,,,,,,,,,,,
0.0006698,88509,0.00015836,91380,6.04E-05,91913.9,,,,,,,,,,,,
0.00070851,88298,0.0001678,91326,6.39E-05,91894,,,,,,,,,,,,
0.00074829,88086,0.00017752,91270,6.75E-05,91873.7,,,,,,,,,,,,
0.00078915,87873,0.00018751,91214,7.12E-05,91853,,,,,,,,,,,,
0.00083109,87659,0.00019778,91158,7.50E-05,91831.9,,,,,,,,,,,,
0.0008741,87444,0.00020831,91102,7.89E-05,91810.4,,,,,,,,,,,,
0.00091818,87226,0.00021912,91045,8.29E-05,91788.4,,,,,,,,,,,,
0.00096333,87005,0.00023021,90989,8.70E-05,91765.9,,,,,,,,,,,,
0.0010096,86781,0.00024156,90931,9.12E-05,91742.9,,,,,,,,,,,,
0.0010568,86553,0.00025319,90873,9.55E-05,91719.5,,,,,,,,,,,,
0.0011052,86319,0.00026509,90814,9.99E-05,91695.6,,,,,,,,,,,,
0.0011546,86079,0.00027726,90754,0.000104375,91671.2,,,,,,,,,,,,
0.0012051,85833,0.00028971,90693,0.00010896,91646.3,,,,,,,,,,,,
0.0012567,85578,0.00030242,90630,0.000113644,91620.9,,,,,,,,,,,,
0.0013093,85317,0.00031541,90565,0.000118426,91595.1,,,,,,,,,,,,
0.001363,85047,0.00032867,90499,0.000123307,91568.8,,,,,,,,,,,,
0.0014177,84770,0.00034221,90430,0.000128286,91541.9,,,,,,,,,,,,
0.0014735,84487,0.00035601,90360,0.000133363,91514.5,,,,,,,,,,,,
0.0015303,84196,0.00037009,90289,0.000138539,91486.7,,,,,,,,,,,,
0.0015883,83900,0.00038443,90215,0.000143813,91458.3,,,,,,,,,,,,
0.0016472,83599,0.00039905,90140,0.000149185,91429.5,,,,,,,,,,,,
0.0017072,83291,0.00041394,90063,0.000154656,91400.1,,,,,,,,,,,,
0.0017683,82979,0.00042911,89984,0.000160225,91370.2,,,,,,,,,,,,
0.0018304,82662,0.00044454,89904,0.000165892,91339.6,,,,,,,,,,,,
0.0018935,82341,0.00046024,89822,0.000171658,91308.7,,,,,,,,,,,,
0.0019577,82016,0.00047622,89738,0.000177521,91277.1,,,,,,,,,,,,
0.002023,81687,0.00049247,89653,0.000183484,91245.1,,,,,,,,,,,,
0.0020893,81356,0.00050898,89566,0.000189544,91212.4,,,,,,,,,,,,
0.0021566,81024,0.00052577,89478,0.000195703,91179.3,,,,,,,,,,,,
0.0022249,80691,0.00054283,89388,0.000201959,91145.7,,,,,,,,,,,,
0.0022943,80359,0.00056016,89297,0.000208314,91111.5,,,,,,,,,,,,
0.0023648,80027,0.00057776,89205,0.000214768,91076.8,,,,,,,,,,,,
0.0024362,79695,0.00059563,89111,0.000221319,91041.5,,,,,,,,,,,,
0.0025087,79362,0.00061377,89016,0.000227968,91005.7,,,,,,,,,,,,
0.0025822,79024,0.00063218,88920,0.000234716,90969.5,,,,,,,,,,,,
0.0026568,78679,0.00065085,88823,0.000241562,90932.7,,,,,,,,,,,,
0.0027324,78323,0.0006698,88724,0.000248506,90895.3,,,,,,,,,,,,
0.0028089,77953,0.00068902,88624,0.000255548,90857.4,,,,,,,,,,,,
0.0028865,77566,0.00070851,88522,0.000262688,90818.9,,,,,,,,,,,,
0.0029652,77161,0.00072827,88419,0.000269926,90780,,,,,,,,,,,,
0.0030448,76740,0.00074829,88314,0.000277262,90740.5,,,,,,,,,,,,
0.0031255,76306,0.00076859,88208,0.000284696,90700.6,,,,,,,,,,,,
0.0032071,75865,0.00078915,88101,0.000292228,90660.1,,,,,,,,,,,,
0.0032898,75425,0.00080999,87992,0.000299858,90619.1,,,,,,,,,,,,
0.0033735,74990,0.00083109,87882,0.000307586,90577.6,,,,,,,,,,,,
0.0034582,74568,0.00085246,87770,0.000315412,90535.5,,,,,,,,,,,,
0.0035439,74162,0.0008741,87657,0.000323336,90492.9,,,,,,,,,,,,
0.0036306,73776,0.000896,87542,0.000331358,90449.8,,,,,,,,,,,,
0.0037182,73408,0.00091818,87426,0.000339477,90406.2,,,,,,,,,,,,
0.0038069,73059,0.00094062,87309,0.000347695,90362.1,,,,,,,,,,,,
0.0038966,72723,0.00096333,87190,0.00035601,90317.5,,,,,,,,,,,,
0.0039872,72395,0.00098631,87069,0.000364423,90272.4,,,,,,,,,,,,
0.0040789,72067,0.0010096,86947,0.000372934,90226.8,,,,,,,,,,,,
0.0041715,71727,0.0010331,86823,0.000381543,90180.7,,,,,,,,,,,,
0.0042651,71361,0.0010568,86698,0.000390249,90134.1,,,,,,,,,,,,
0.0043597,70954,0.0010809,86572,0.000399054,90087,,,,,,,,,,,,
0.0044553,70496,0.0011052,86444,0.000407956,90039.3,,,,,,,,,,,,
0.0045519,69991,0.0011298,86315,0.000416955,89991.2,,,,,,,,,,,,
0.0046494,69452,0.0011546,86184,0.000426053,89942.5,,,,,,,,,,,,
0.0047479,68902,0.0011797,86053,0.000435247,89893.4,,,,,,,,,,,,
0.0048473,68362,0.0012051,85920,0.00044454,89843.8,,,,,,,,,,,,
0.0049477,67847,0.0012308,85787,0.00045393,89793.8,,,,,,,,,,,,
0.0050491,67370,0.0012567,85653,0.000463418,89743.2,,,,,,,,,,,,
0.0051514,66943,0.0012828,85518,0.000473003,89692.1,,,,,,,,,,,,
0.0052547,66581,0.0013093,85382,0.000482686,89640.5,,,,,,,,,,,,
0.005359,66294,0.001336,85246,0.000492466,89588.5,,,,,,,,,,,,
0.0054642,66076,0.001363,85109,0.000502344,89536.1,,,,,,,,,,,,
0.0055703,65894,0.0013902,84970,0.000512319,89483,,,,,,,,,,,,
0.0056774,65671,0.0014177,84831,0.000522392,89429.5,,,,,,,,,,,,
0.0057854,65252,0.0014455,84691,0.000532562,89375.6,,,,,,,,,,,,
0.0058944,64599,0.0014735,84550,0.00054283,89321.1,,,,,,,,,,,,
0.0060043,63857,0.0015018,84407,0.000553195,89266.2,,,,,,,,,,,,
0.0061151,63145,0.0015303,84263,0.000563657,89210.8,,,,,,,,,,,,
0.0062269,62534,0.0015592,84118,0.000574216,89154.9,,,,,,,,,,,,
0.0063396,62113,0.0015883,83971,0.000584873,89098.5,,,,,,,,,,,,
0.0064532,61905,0.0016176,83823,0.000595627,89041.7,,,,,,,,,,,,
0.0065677,61825,0.0016472,83674,0.000606478,88984.4,,,,,,,,,,,,
0.0066832,61755,0.0016771,83524,0.000617427,88926.6,,,,,,,,,,,,
0.0067995,61313,0.0017072,83373,0.000628472,88868.3,,,,,,,,,,,,
0.0069168,60599,0.0017376,83220,0.000639615,88809.6,,,,,,,,,,,,
0.007035,60053,0.0017683,83067,0.000650855,88750.4,,,,,,,,,,,,
0.007154,59549,0.0017992,82913,0.000662192,88690.8,,,,,,,,,,,,
0.007274,59041,0.0018304,82758,0.000673626,88630.8,,,,,,,,,,,,
0.0073949,58492,0.0018618,82603,0.000685157,88570.2,,,,,,,,,,,,
0.0075167,57847,0.0018935,82447,0.000696785,88509.2,,,,,,,,,,,,
0.0076393,57147,0.0019255,82290,0.00070851,88447.7,,,,,,,,,,,,
0.0077629,56504,0.0019577,82132,0.000720332,88385.8,,,,,,,,,,,,
0.0078873,55987,0.0019902,81973,0.000732251,88323.4,,,,,,,,,,,,
0.0080126,55633,0.002023,81814,0.000744267,88260.5,,,,,,,,,,,,
0.0081388,55407,0.002056,81653,0.000756379,88197.1,,,,,,,,,,,,
0.0082659,55227,0.0020893,81491,0.000768589,88133.4,,,,,,,,,,,,
0.0083938,55014,0.0021228,81327,0.000780895,88069.1,,,,,,,,,,,,
0.0085226,54686,0.0021566,81163,0.000793298,88004.4,,,,,,,,,,,,
0.0086523,54193,0.0021906,80997,0.000805798,87939.2,,,,,,,,,,,,
0.0087828,53667,0.0022249,80830,0.000818394,87873.6,,,,,,,,,,,,
0.0089142,51951,0.0022595,80661,0.000831088,87807.6,,,,,,,,,,,,
0.0090464,51129,0.0022943,80492,0.000843877,87741.1,,,,,,,,,,,,
0.0091795,52527,0.0023294,80322,0.000856764,87674,,,,,,,,,,,,
0.0093134,53102,0.0023648,80150,0.000869747,87606.6,,,,,,,,,,,,
0.0094482,53018,0.0024004,79978,0.000882826,87538.7,,,,,,,,,,,,
0.0095838,47437,0.0024362,79805,0.000896003,87470.3,,,,,,,,,,,,
0.0097202,45945,0.0024723,79630,0.000909275,87401.5,,,,,,,,,,,,
0.0098575,50435,0.0025087,79454,0.000922644,87332.3,,,,,,,,,,,,
0.0099956,51722,0.0025454,79277,0.00093611,87262.6,,,,,,,,,,,,
0.010134,49350,0.0025822,79099,0.000949671,87192.4,,,,,,,,,,,,
0.010274,48484,0.0026194,78920,0.00096333,87121.8,,,,,,,,,,,,
0.010415,46252,0.0026568,78739,0.000977084,87050.8,,,,,,,,,,,,
0.010556,45803,0.0026944,78557,0.000990935,86979.3,,,,,,,,,,,,
0.010698,46776,0.0027324,78374,0.00100488,86907.3,,,,,,,,,,,,
0.010841,46784,0.0027705,78190,0.00101893,86834.9,,,,,,,,,,,,
0.010985,47077,0.0028089,78006,0.00103306,86762.1,,,,,,,,,,,,
0.01113,44455,0.0028476,77821,0.0010473,86688.8,,,,,,,,,,,,
0.011275,43712,0.0028865,77635,0.00106163,86615.1,,,,,,,,,,,,
0.011421,44041,0.0029257,77449,0.00107606,86540.9,,,,,,,,,,,,
0.011568,44210,0.0029652,77262,0.00109058,86466.3,,,,,,,,,,,,
0.011716,43247,0.0030049,77075,0.0011052,86391.3,,,,,,,,,,,,
0.011864,42933,0.0030448,76888,0.00111992,86315.8,,,,,,,,,,,,
0.012013,42682,0.003085,76700,0.00113473,86239.9,,,,,,,,,,,,
0.012163,42719,0.0031255,76512,0.00114964,86163.5,,,,,,,,,,,,
0.012314,41433,0.0031662,76323,0.00116464,86086.7,,,,,,,,,,,,
0.012466,40980,0.0032071,76134,0.00117974,86009.4,,,,,,,,,,,,
0.012618,40736,0.0032484,75944,0.00119494,85931.8,,,,,,,,,,,,
0.012771,40476,0.0032898,75752,0.00121023,85853.6,,,,,,,,,,,,
0.012925,40033,0.0033315,75559,0.00122561,85775.1,,,,,,,,,,,,
0.013079,39647,0.0033735,75364,0.0012411,85696.1,,,,,,,,,,,,
0.013235,39256,0.0034157,75168,0.00125667,85616.7,,,,,,,,,,,,
0.013391,38844,0.0034582,74969,0.00127235,85536.9,,,,,,,,,,,,
0.013548,38428,0.0035009,74769,0.00128812,85456.6,,,,,,,,,,,,
0.013705,38001,0.0035439,74567,0.00130398,85375.9,,,,,,,,,,,,
0.013863,37572,0.0035871,74365,0.00131994,85294.7,,,,,,,,,,,,
0.014022,37142,0.0036306,74163,0.001336,85213.2,,,,,,,,,,,,
0.014182,36714,0.0036743,73961,0.00135215,85131.2,,,,,,,,,,,,
0.014342,36291,0.0037182,73759,0.00136839,85048.8,,,,,,,,,,,,
0.014503,35875,0.0037625,73558,0.00138473,84966,,,,,,,,,,,,
0.014665,35467,0.0038069,73358,0.00140117,84882.7,,,,,,,,,,,,
0.014827,35066,0.0038516,73158,0.0014177,84799.1,,,,,,,,,,,,
0.01499,34672,0.0038966,72959,0.00143433,84715.1,,,,,,,,,,,,
0.015154,34282,0.0039418,72759,0.00145105,84630.5,,,,,,,,,,,,
0.015319,33896,0.0039872,72558,0.00146787,84545.6,,,,,,,,,,,,
0.015484,33511,0.0040329,72356,0.00148478,84460.2,,,,,,,,,,,,
0.01565,33124,0.0040789,72153,0.00150179,84374.5,,,,,,,,,,,,
0.015816,32734,0.0041251,71948,0.00151889,84288.3,,,,,,,,,,,,
0.015983,32339,0.0041715,71743,0.00153609,84201.7,,,,,,,,,,,,
0.016151,31939,0.0042182,71537,0.00155338,84114.8,,,,,,,,,,,,
0.016319,31538,0.0042651,71331,0.00157077,84027.3,,,,,,,,,,,,
0.016489,31136,0.0043123,71124,0.00158825,83939.6,,,,,,,,,,,,
0.016658,30736,0.0043597,70917,0.00160583,83851.4,,,,,,,,,,,,
0.016829,30339,0.0044074,70708,0.0016235,83762.8,,,,,,,,,,,,
0.017,29949,0.0044553,70497,0.00164127,83673.7,,,,,,,,,,,,
0.017171,29567,0.0045035,70283,0.00165913,83584.3,,,,,,,,,,,,
0.017344,29194,0.0045519,70065,0.00167708,83494.5,,,,,,,,,,,,
0.017517,28830,0.0046005,69843,0.00169513,83404.3,,,,,,,,,,,,
0.01769,28475,0.0046494,69619,0.00171328,83313.7,,,,,,,,,,,,
0.017864,28125,0.0046985,69393,0.00173152,83222.6,,,,,,,,,,,,
0.018039,27779,0.0047479,69168,0.00174985,83131.2,,,,,,,,,,,,
0.018214,27433,0.0047975,68944,0.00176828,83039.5,,,,,,,,,,,,
0.01839,27082,0.0048473,68723,0.0017868,82947.3,,,,,,,,,,,,
0.018567,26727,0.0048974,68506,0.00180542,82854.7,,,,,,,,,,,,
0.018744,26366,0.0049477,68294,0.00182413,82761.6,,,,,,,,,,,,
0.018922,26003,0.0049983,68086,0.00184293,82668.3,,,,,,,,,,,,
0.0191,25640,0.0050491,67883,0.00186183,82574.5,,,,,,,,,,,,
0.019279,25278,0.0051002,67681,0.00188083,82480.4,,,,,,,,,,,,
0.019458,24920,0.0051514,67479,0.00189991,82385.9,,,,,,,,,,,,
0.019638,24568,0.005203,67276,0.00191909,82290.9,,,,,,,,,,,,
0.019819,24225,0.0052547,67069,0.00193837,82195.6,,,,,,,,,,,,
0.02,23891,0.0053067,66857,0.00195774,82099.9,,,,,,,,,,,,
0.020182,23568,0.005359,66639,0.0019772,82004,,,,,,,,,,,,
0.020364,23255,0.0054115,66415,0.00199676,81907.6,,,,,,,,,,,,
0.020547,22950,0.0054642,66184,0.00201641,81810.7,,,,,,,,,,,,
0.02073,22652,0.0055171,65949,0.00203615,81713.5,,,,,,,,,,,,
0.020914,22356,0.0055703,65710,0.00205599,81616,,,,,,,,,,,,
0.021098,22060,0.0056237,65468,0.00207592,81518,,,,,,,,,,,,
0.021283,21760,0.0056774,65226,0.00209595,81419.7,,,,,,,,,,,,
0.021468,21455,0.0057313,64986,0.00211607,81321.1,,,,,,,,,,,,
0.021654,21144,0.0057854,64749,0.00213628,81222,,,,,,,,,,,,
0.02184,20831,0.0058398,64519,0.00215659,81122.6,,,,,,,,,,,,
0.022027,20517,0.0058944,64294,0.00217698,81022.9,,,,,,,,,,,,
0.022215,20203,0.0059492,64075,0.00219748,80922.8,,,,,,,,,,,,
0.022402,19891,0.0060043,63861,0.00221806,80822.2,,,,,,,,,,,,
0.022591,19583,0.0060596,63651,0.00223874,80721.3,,,,,,,,,,,,
0.02278,19281,0.0061151,63441,0.00225951,80620.1,,,,,,,,,,,,
0.022969,18985,0.0061709,63230,0.00228038,80518.5,,,,,,,,,,,,
0.023159,18696,0.0062269,63014,0.00230134,80416.6,,,,,,,,,,,,
0.023349,18415,0.0062831,62791,0.00232239,80314.3,,,,,,,,,,,,
0.023539,18142,0.0063396,62558,0.00234353,80211.6,,,,,,,,,,,,
0.023731,17876,0.0063963,62316,0.00236477,80108.6,,,,,,,,,,,,
0.023922,17617,0.0064532,62070,0.0023861,80005.3,,,,,,,,,,,,
0.024114,17362,0.0065103,61825,0.00240752,79901.7,,,,,,,,,,,,
0.024307,17112,0.0065677,61584,0.00242904,79797.6,,,,,,,,,,,,
0.024499,16864,0.0066253,61348,0.00245065,79693.2,,,,,,,,,,,,
0.024693,16618,0.0066832,61120,0.00247235,79588.4,,,,,,,,,,,,
0.024886,16371,0.0067412,60898,0.00249414,79483.4,,,,,,,,,,,,
0.02508,16124,0.0067995,60681,0.00251603,79377.9,,,,,,,,,,,,
0.025275,15876,0.006858,60466,0.002538,79272.2,,,,,,,,,,,,
0.02547,15628,0.0069168,60249,0.00256008,79166.1,,,,,,,,,,,,
0.025665,15379,0.0069758,60025,0.00258224,79059.6,,,,,,,,,,,,
0.025861,15131,0.007035,59793,0.00260449,78952.9,,,,,,,,,,,,
0.026057,14883,0.0070944,59554,0.00262684,78845.8,,,,,,,,,,,,
0.026254,14638,0.007154,59312,0.00264928,78738.3,,,,,,,,,,,,
0.02645,14396,0.0072139,59071,0.00267181,78630.5,,,,,,,,,,,,
0.026648,14158,0.007274,58834,0.00269444,78522.4,,,,,,,,,,,,
0.026845,13924,0.0073343,58601,0.00271716,78413.9,,,,,,,,,,,,
0.027043,13695,0.0073949,58376,0.00273996,78305.2,,,,,,,,,,,,
0.027242,13471,0.0074557,58158,0.00276286,78196.1,,,,,,,,,,,,
0.02744,13253,0.0075167,57944,0.00278586,78086.6,,,,,,,,,,,,
0.027639,13040,0.0075779,57732,0.00280894,77976.9,,,,,,,,,,,,
0.027839,12833,0.0076393,57516,0.00283212,77866.9,,,,,,,,,,,,
0.028038,12630,0.007701,57292,0.00285538,77756.6,,,,,,,,,,,,
0.028238,12430,0.0077629,57060,0.00287874,77645.8,,,,,,,,,,,,
0.028439,12232,0.007825,56819,0.00290219,77534.8,,,,,,,,,,,,
0.028639,12036,0.0078873,56572,0.00292574,77423.4,,,,,,,,,,,,
0.02884,11839,0.0079498,56321,0.00294937,77311.8,,,,,,,,,,,,
0.029042,11642,0.0080126,56070,0.0029731,77199.9,,,,,,,,,,,,
0.029243,11445,0.0080756,55820,0.00299691,77087.6,,,,,,,,,,,,
0.029445,11246,0.0081388,55572,0.00302082,76975.1,,,,,,,,,,,,
0.029647,11048,0.0082022,55326,0.00304482,76862.2,,,,,,,,,,,,
0.02985,10851,0.0082659,55081,0.00306891,76749.1,,,,,,,,,,,,
0.030052,10656,0.0083297,54838,0.00309309,76635.7,,,,,,,,,,,,
0.030255,10463,0.0083938,54599,0.00311736,76521.9,,,,,,,,,,,,
0.030459,10274,0.0084581,54364,0.00314173,76407.8,,,,,,,,,,,,
0.030662,10088,0.0085226,54134,0.00316618,76293.5,,,,,,,,,,,,
0.030866,9905.9,0.0085873,53908,0.00319073,76178.9,,,,,,,,,,,,
0.03107,9728.7,0.0086523,53681,0.00321536,76063.9,,,,,,,,,,,,
0.031274,9556.2,0.0087174,53453,0.00324009,75948.7,,,,,,,,,,,,
0.031479,9388.5,0.0087828,53225,0.00326491,75833.2,,,,,,,,,,,,
0.031684,9225.4,0.0088484,52998,0.00328982,75717.4,,,,,,,,,,,,
0.031889,9066.7,0.0089142,52775,0.00331481,75601.4,,,,,,,,,,,,
0.032094,8911.8,0.0089802,52553,0.0033399,75485.1,,,,,,,,,,,,
0.032299,8760,0.0090464,52334,0.00336508,75368.4,,,,,,,,,,,,
0.032505,8610.8,0.0091128,52114,0.00339035,75251.4,,,,,,,,,,,,
0.032711,8463.5,0.0091795,51893,0.00341571,75134.2,,,,,,,,,,,,
0.032917,8317.5,0.0092463,51670,0.00344116,75016.7,,,,,,,,,,,,
0.033123,8172.5,0.0093134,51445,0.00346671,74898.9,,,,,,,,,,,,
0.033329,8028.2,0.0093807,51218,0.00349234,74780.9,,,,,,,,,,,,
0.033536,7884.8,0.0094482,50989,0.00351806,74662.5,,,,,,,,,,,,
0.033743,7742.3,0.0095159,50759,0.00354387,74543.9,,,,,,,,,,,,
0.03395,7601,0.0095838,50528,0.00356977,74425.1,,,,,,,,,,,,
0.034157,7461.2,0.0096519,50297,0.00359576,74306,,,,,,,,,,,,
0.034364,7323.1,0.0097202,50066,0.00362184,74186.5,,,,,,,,,,,,
0.034571,7186.9,0.0097887,49835,0.00364801,74066.8,,,,,,,,,,,,
0.034779,7052.8,0.0098575,49604,0.00367427,73946.9,,,,,,,,,,,,
0.034987,6920.9,0.0099264,49374,0.00370062,73826.7,,,,,,,,,,,,
0.035195,6791.3,0.0099956,49145,0.00372706,73706.2,,,,,,,,,,,,
0.035403,6664.1,0.010065,48915,0.00375359,73585.4,,,,,,,,,,,,
0.035611,6539.3,0.010134,48687,0.00378021,73464.5,,,,,,,,,,,,
0.035819,6416.7,0.010204,48458,0.00380692,73343.2,,,,,,,,,,,,
0.036027,6296.5,0.010274,48229,0.00383372,73221.8,,,,,,,,,,,,
0.036236,6178.3,0.010344,48001,0.0038606,73100.1,,,,,,,,,,,,
0.036444,6062.1,0.010415,47773,0.00388758,72978.1,,,,,,,,,,,,
0.036653,5947.6,0.010485,47545,0.00391464,72855.8,,,,,,,,,,,,
0.036862,5834.8,0.010556,47318,0.0039418,72733.4,,,,,,,,,,,,
0.03707,5723.5,0.010627,47091,0.00396904,72610.7,,,,,,,,,,,,
0.037279,5613.5,0.010698,46864,0.00399637,72487.7,,,,,,,,,,,,
0.037488,5505,0.01077,46638,0.00402379,72364.6,,,,,,,,,,,,
0.037697,5397.9,0.010841,46411,0.0040513,72241.2,,,,,,,,,,,,
0.037907,5292.2,0.010913,46185,0.0040789,72117.5,,,,,,,,,,,,
0.038116,5188,0.010985,45958,0.00410658,71993.7,,,,,,,,,,,,
0.038325,5085.3,0.011057,45732,0.00413436,71869.6,,,,,,,,,,,,
0.038534,4984.2,0.01113,45506,0.00416222,71745.2,,,,,,,,,,,,
0.038744,4884.8,0.011202,45280,0.00419017,71620.6,,,,,,,,,,,,
0.038953,4787.2,0.011275,45054,0.00421821,71495.8,,,,,,,,,,,,
0.039162,4691.7,0.011348,44828,0.00424634,71370.8,,,,,,,,,,,,
0.039372,4599.1,0.011421,44602,0.00427456,71245.6,,,,,,,,,,,,
0.039581,4511,0.011494,44377,0.00430286,71120.1,,,,,,,,,,,,
0.039791,4432,0.011568,44153,0.00433126,70994.4,,,,,,,,,,,,
,,0.011642,43929,0.00435974,70868.5,,,,,,,,,,,,
,,0.011716,43705,0.00438831,70742.3,,,,,,,,,,,,
,,0.01179,43482,0.00441696,70616,,,,,,,,,,,,
,,0.011864,43259,0.00444571,70489.5,,,,,,,,,,,,
,,0.011939,43036,0.00447454,70362.7,,,,,,,,,,,,
,,0.012013,42814,0.00450346,70235.6,,,,,,,,,,,,
,,0.012088,42592,0.00453247,70108.4,,,,,,,,,,,,
,,0.012163,42370,0.00456156,69980.9,,,,,,,,,,,,
,,0.012239,42149,0.00459075,69853.3,,,,,,,,,,,,
,,0.012314,41928,0.00462002,69725.5,,,,,,,,,,,,
,,0.01239,41708,0.00464937,69597.4,,,,,,,,,,,,
,,0.012466,41488,0.00467882,69469.2,,,,,,,,,,,,
,,0.012542,41268,0.00470835,69340.9,,,,,,,,,,,,
,,0.012618,41049,0.00473797,69212.3,,,,,,,,,,,,
,,0.012695,40830,0.00476768,69083.5,,,,,,,,,,,,
,,0.012771,40611,0.00479747,68954.4,,,,,,,,,,,,
,,0.012848,40393,0.00482735,68825.3,,,,,,,,,,,,
,,0.012925,40175,0.00485731,68695.9,,,,,,,,,,,,
,,0.013002,39958,0.00488737,68566.4,,,,,,,,,,,,
,,0.013079,39741,0.00491751,68436.7,,,,,,,,,,,,
,,0.013157,39525,0.00494773,68306.8,,,,,,,,,,,,
,,0.013235,39309,0.00497805,68176.7,,,,,,,,,,,,
,,0.013313,39094,0.00500844,68046.5,,,,,,,,,,,,
,,0.013391,38879,0.00503893,67916.2,,,,,,,,,,,,
,,0.013469,38665,0.0050695,67785.5,,,,,,,,,,,,
,,0.013548,38451,0.00510016,67654.7,,,,,,,,,,,,
,,0.013626,38238,0.0051309,67523.7,,,,,,,,,,,,
,,0.013705,38026,0.00516173,67392.6,,,,,,,,,,,,
,,0.013784,37814,0.00519265,67261.3,,,,,,,,,,,,
,,0.013863,37603,0.00522365,67129.8,,,,,,,,,,,,
,,0.013943,37392,0.00525474,66998.1,,,,,,,,,,,,
,,0.014022,37182,0.00528591,66866.3,,,,,,,,,,,,
,,0.014102,36972,0.00531717,66734.4,,,,,,,,,,,,
,,0.014182,36763,0.00534852,66602.4,,,,,,,,,,,,
,,0.014262,36554,0.00537995,66470,,,,,,,,,,,,
,,0.014342,36346,0.00541146,66337.6,,,,,,,,,,,,
,,0.014422,36139,0.00544306,66205,,,,,,,,,,,,
,,0.014503,35932,0.00547475,66072.3,,,,,,,,,,,,
,,0.014584,35726,0.00550652,65939.4,,,,,,,,,,,,
,,0.014665,35520,0.00553838,65806.4,,,,,,,,,,,,
,,0.014746,35314,0.00557032,65673.2,,,,,,,,,,,,
,,0.014827,35109,0.00560235,65539.9,,,,,,,,,,,,
,,0.014909,34905,0.00563446,65406.6,,,,,,,,,,,,
,,0.01499,34701,0.00566665,65273.1,,,,,,,,,,,,
,,0.015072,34497,0.00569893,65139.3,,,,,,,,,,,,
,,0.015154,34294,0.0057313,65005.4,,,,,,,,,,,,
,,0.015236,34092,0.00576375,64871.5,,,,,,,,,,,,
,,0.015319,33890,0.00579628,64737.4,,,,,,,,,,,,
,,0.015401,33689,0.0058289,64603.1,,,,,,,,,,,,
,,0.015484,33488,0.00586161,64468.8,,,,,,,,,,,,
,,0.015567,33288,0.00589439,64334.3,,,,,,,,,,,,
,,0.01565,33088,0.00592727,64199.7,,,,,,,,,,,,
,,0.015733,32889,0.00596022,64065,,,,,,,,,,,,
,,0.015816,32690,0.00599326,63930.2,,,,,,,,,,,,
,,0.0159,32492,0.00602638,63795.2,,,,,,,,,,,,
,,0.015983,32295,0.00605959,63660.1,,,,,,,,,,,,
,,0.016067,32098,0.00609288,63524.9,,,,,,,,,,,,
,,0.016151,31902,0.00612626,63389.7,,,,,,,,,,,,
,,0.016235,31706,0.00615972,63254.3,,,,,,,,,,,,
,,0.016319,31511,0.00619326,63118.8,,,,,,,,,,,,
,,0.016404,31317,0.00622688,62983.1,,,,,,,,,,,,
,,0.016489,31123,0.00626059,62847.4,,,,,,,,,,,,
,,0.016573,30930,0.00629438,62711.6,,,,,,,,,,,,
,,0.016658,30738,0.00632826,62575.8,,,,,,,,,,,,
,,0.016743,30546,0.00636222,62439.7,,,,,,,,,,,,
,,0.016829,30355,0.00639626,62303.5,,,,,,,,,,,,
,,0.016914,30164,0.00643038,62167.3,,,,,,,,,,,,
,,0.017,29974,0.00646459,62030.9,,,,,,,,,,,,
,,0.017086,29785,0.00649888,61894.5,,,,,,,,,,,,
,,0.017171,29596,0.00653325,61758,,,,,,,,,,,,
,,0.017258,29408,0.00656771,61621.4,,,,,,,,,,,,
,,0.017344,29220,0.00660224,61484.6,,,,,,,,,,,,
,,0.01743,29034,0.00663686,61347.9,,,,,,,,,,,,
,,0.017517,28848,0.00667156,61211.1,,,,,,,,,,,,
,,0.017603,28662,0.00670635,61074.1,,,,,,,,,,,,
,,0.01769,28477,0.00674122,60936.9,,,,,,,,,,,,
,,0.017777,28293,0.00677616,60799.8,,,,,,,,,,,,
,,0.017864,28109,0.00681119,60662.5,,,,,,,,,,,,
,,0.017952,27926,0.00684631,60525.2,,,,,,,,,,,,
,,0.018039,27744,0.0068815,60387.8,,,,,,,,,,,,
,,0.018127,27563,0.00691678,60250.3,,,,,,,,,,,,
,,0.018214,27382,0.00695213,60112.7,,,,,,,,,,,,
,,0.018302,27201,0.00698757,59975.1,,,,,,,,,,,,
,,0.01839,27022,0.00702309,59837.5,,,,,,,,,,,,
,,0.018479,26843,0.0070587,59699.6,,,,,,,,,,,,
,,0.018567,26665,0.00709438,59561.7,,,,,,,,,,,,
,,0.018655,26487,0.00713014,59423.7,,,,,,,,,,,,
,,0.018744,26310,0.00716599,59285.6,,,,,,,,,,,,
,,0.018833,26134,0.00720192,59147.5,,,,,,,,,,,,
,,0.018922,25959,0.00723792,59009.2,,,,,,,,,,,,
,,0.019011,25784,0.00727401,58870.9,,,,,,,,,,,,
,,0.0191,25610,0.00731018,58732.6,,,,,,,,,,,,
,,0.019189,25437,0.00734643,58594.2,,,,,,,,,,,,
,,0.019279,25264,0.00738276,58455.8,,,,,,,,,,,,
,,0.019369,25092,0.00741917,58317.2,,,,,,,,,,,,
,,0.019458,24921,0.00745566,58178.5,,,,,,,,,,,,
,,0.019548,24751,0.00749223,58039.9,,,,,,,,,,,,
,,0.019638,24582,0.00752889,57901.2,,,,,,,,,,,,
,,0.019729,24413,0.00756562,57762.4,,,,,,,,,,,,
,,0.019819,24246,0.00760243,57623.6,,,,,,,,,,,,
,,0.019909,24079,0.00763932,57484.8,,,,,,,,,,,,
,,0.02,23912,0.00767629,57345.9,,,,,,,,,,,,
,,0.020091,23747,0.00771334,57207,,,,,,,,,,,,
,,0.020182,23583,0.00775047,57068.2,,,,,,,,,,,,
,,0.020273,23419,0.00778768,56929.3,,,,,,,,,,,,
,,0.020364,23256,0.00782497,56790.3,,,,,,,,,,,,
,,0.020455,23094,0.00786234,56651.3,,,,,,,,,,,,
,,0.020547,22933,0.00789979,56512.3,,,,,,,,,,,,
,,0.020638,22773,0.00793732,56373.3,,,,,,,,,,,,
,,0.02073,22613,0.00797493,56234.3,,,,,,,,,,,,
,,0.020822,22454,0.00801261,56095.3,,,,,,,,,,,,
,,0.020914,22296,0.00805038,55956.3,,,,,,,,,,,,
,,0.021006,22139,0.00808822,55817.3,,,,,,,,,,,,
,,0.021098,21982,0.00812615,55678.4,,,,,,,,,,,,
,,0.02119,21827,0.00816415,55539.5,,,,,,,,,,,,
,,0.021283,21672,0.00820223,55400.5,,,,,,,,,,,,
,,0.021375,21518,0.00824038,55261.5,,,,,,,,,,,,
,,0.021468,21365,0.00827862,55122.5,,,,,,,,,,,,
,,0.021561,21212,0.00831694,54983.5,,,,,,,,,,,,
,,0.021654,21060,0.00835533,54844.6,,,,,,,,,,,,
,,0.021747,20909,0.0083938,54705.6,,,,,,,,,,,,
,,0.02184,20759,0.00843235,54566.7,,,,,,,,,,,,
,,0.021934,20610,0.00847098,54427.7,,,,,,,,,,,,
,,0.022027,20461,0.00850968,54288.9,,,,,,,,,,,,
,,0.022121,20313,0.00854846,54150,,,,,,,,,,,,
,,0.022215,20166,0.00858732,54011,,,,,,,,,,,,
,,0.022308,20019,0.00862626,53872.1,,,,,,,,,,,,
,,0.022402,19873,0.00866527,53733.1,,,,,,,,,,,,
,,0.022497,19728,0.00870437,53594.2,,,,,,,,,,,,
,,0.022591,19584,0.00874354,53455.2,,,,,,,,,,,,
,,0.022685,19440,0.00878278,53316.3,,,,,,,,,,,,
,,0.02278,19297,0.00882211,53177.4,,,,,,,,,,,,
,,0.022874,19155,0.00886151,53038.4,,,,,,,,,,,,
,,0.022969,19013,0.00890099,52899.6,,,,,,,,,,,,
,,0.023064,18872,0.00894054,52760.8,,,,,,,,,,,,
,,0.023159,18731,0.00898017,52621.9,,,,,,,,,,,,
,,0.023254,18591,0.00901988,52483,,,,,,,,,,,,
,,0.023349,18452,0.00905966,52344.2,,,,,,,,,,,,
,,0.023444,18313,0.00909952,52205.4,,,,,,,,,,,,
,,0.023539,18175,0.00913946,52066.6,,,,,,,,,,,,
,,0.023635,18037,0.00917947,51927.9,,,,,,,,,,,,
,,0.023731,17900,0.00921956,51789.2,,,,,,,,,,,,
,,0.023826,17763,0.00925972,51650.5,,,,,,,,,,,,
,,0.023922,17627,0.00929996,51512,,,,,,,,,,,,
,,0.024018,17491,0.00934028,51373.5,,,,,,,,,,,,
,,0.024114,17356,0.00938067,51234.9,,,,,,,,,,,,
,,0.02421,17222,0.00942114,51096.4,,,,,,,,,,,,
,,0.024307,17088,0.00946168,50957.9,,,,,,,,,,,,
,,0.024403,16955,0.0095023,50819.5,,,,,,,,,,,,
,,0.024499,16822,0.00954299,50681.1,,,,,,,,,,,,
,,0.024596,16690,0.00958376,50542.8,,,,,,,,,,,,
,,0.024693,16559,0.00962461,50404.5,,,,,,,,,,,,
,,0.024789,16429,0.00966552,50266.3,,,,,,,,,,,,
,,0.024886,16299,0.00970652,50128.2,,,,,,,,,,,,
,,0.024983,16170,0.00974758,49990.2,,,,,,,,,,,,
,,0.02508,16042,0.00978873,49852.1,,,,,,,,,,,,
,,0.025178,15915,0.00982994,49714.1,,,,,,,,,,,,
,,0.025275,15789,0.00987124,49576.3,,,,,,,,,,,,
,,0.025372,15664,0.0099126,49438.4,,,,,,,,,,,,
,,0.02547,15539,0.00995404,49300.7,,,,,,,,,,,,
,,0.025568,15415,0.00999556,49163,,,,,,,,,,,,
,,0.025665,15293,0.0100371,49025.4,,,,,,,,,,,,
,,0.025763,15171,0.0100788,48887.9,,,,,,,,,,,,
,,0.025861,15050,0.0101205,48750.4,,,,,,,,,,,,
,,0.025959,14930,0.0101624,48613.1,,,,,,,,,,,,
,,0.026057,14811,0.0102042,48475.8,,,,,,,,,,,,
,,0.026155,14692,0.0102462,48338.5,,,,,,,,,,,,
,,0.026254,14575,0.0102882,48201.4,,,,,,,,,,,,
,,0.026352,14458,0.0103303,48064.3,,,,,,,,,,,,
,,0.02645,14342,0.0103725,47927.3,,,,,,,,,,,,
,,0.026549,14227,0.0104148,47790.3,,,,,,,,,,,,
,,0.026648,14113,0.0104571,47653.5,,,,,,,,,,,,
,,0.026746,13999,0.0104995,47516.7,,,,,,,,,,,,
,,0.026845,13886,0.0105419,47380,,,,,,,,,,,,
,,0.026944,13774,0.0105845,47243.5,,,,,,,,,,,,
,,0.027043,13662,0.0106271,47106.9,,,,,,,,,,,,
,,0.027142,13551,0.0106698,46970.4,,,,,,,,,,,,
,,0.027242,13441,0.0107125,46834,,,,,,,,,,,,
,,0.027341,13331,0.0107554,46697.7,,,,,,,,,,,,
,,0.02744,13222,0.0107983,46561.5,,,,,,,,,,,,
,,0.02754,13114,0.0108413,46425.4,,,,,,,,,,,,
,,0.027639,13006,0.0108843,46289.3,,,,,,,,,,,,
,,0.027739,12899,0.0109274,46153.3,,,,,,,,,,,,
,,0.027839,12792,0.0109706,46017.5,,,,,,,,,,,,
,,0.027938,12686,0.0110139,45881.7,,,,,,,,,,,,
,,0.028038,12581,0.0110572,45746,,,,,,,,,,,,
,,0.028138,12476,0.0111006,45610.4,,,,,,,,,,,,
,,0.028238,12372,0.0111441,45475,,,,,,,,,,,,
,,0.028339,12268,0.0111876,45339.6,,,,,,,,,,,,
,,0.028439,12165,0.0112313,45204.3,,,,,,,,,,,,
,,0.028539,12062,0.0112749,45069.2,,,,,,,,,,,,
,,0.028639,11960,0.0113187,44934.2,,,,,,,,,,,,
,,0.02874,11858,0.0113625,44799.2,,,,,,,,,,,,
,,0.02884,11758,0.0114064,44664.5,,,,,,,,,,,,
,,0.028941,11657,0.0114504,44529.9,,,,,,,,,,,,
,,0.029042,11558,0.0114945,44395.4,,,,,,,,,,,,
,,0.029142,11459,0.0115386,44261,,,,,,,,,,,,
,,0.029243,11360,0.0115828,44126.7,,,,,,,,,,,,
,,0.029344,11262,0.011627,43992.6,,,,,,,,,,,,
,,0.029445,11165,0.0116713,43858.5,,,,,,,,,,,,
,,0.029546,11068,0.0117157,43724.7,,,,,,,,,,,,
,,0.029647,10973,0.0117602,43590.9,,,,,,,,,,,,
,,0.029748,10877,0.0118047,43457.3,,,,,,,,,,,,
,,0.02985,10783,0.0118493,43323.9,,,,,,,,,,,,
,,0.029951,10689,0.011894,43190.6,,,,,,,,,,,,
,,0.030052,10596,0.0119387,43057.5,,,,,,,,,,,,
,,0.030154,10503,0.0119836,42924.5,,,,,,,,,,,,
,,0.030255,10412,0.0120284,42791.6,,,,,,,,,,,,
,,0.030357,10321,0.0120734,42658.9,,,,,,,,,,,,
,,0.030459,10230,0.0121184,42526.3,,,,,,,,,,,,
,,0.03056,10140,0.0121635,42393.8,,,,,,,,,,,,
,,0.030662,10051,0.0122086,42261.5,,,,,,,,,,,,
,,0.030764,9963.1,0.0122539,42129.3,,,,,,,,,,,,
,,0.030866,9875.4,0.0122992,41997.2,,,,,,,,,,,,
,,0.030968,9788.4,0.0123445,41865.3,,,,,,,,,,,,
,,0.03107,9702,0.01239,41733.5,,,,,,,,,,,,
,,0.031172,9616.3,0.0124354,41601.9,,,,,,,,,,,,
,,0.031274,9531.2,0.012481,41470.3,,,,,,,,,,,,
,,0.031376,9446.7,0.0125266,41338.8,,,,,,,,,,,,
,,0.031479,9362.8,0.0125723,41207.5,,,,,,,,,,,,
,,0.031581,9279.6,0.0126181,41076.4,,,,,,,,,,,,
,,0.031684,9197,0.012664,40945.3,,,,,,,,,,,,
,,0.031786,9115,0.0127099,40814.4,,,,,,,,,,,,
,,0.031889,9033.6,0.0127558,40683.6,,,,,,,,,,,,
,,0.031991,8952.7,0.0128019,40553,,,,,,,,,,,,
,,0.032094,8872.5,0.012848,40422.6,,,,,,,,,,,,
,,0.032196,8792.8,0.0128941,40292.3,,,,,,,,,,,,
,,0.032299,8713.7,0.0129404,40162.1,,,,,,,,,,,,
,,0.032402,8635.2,0.0129867,40032.1,,,,,,,,,,,,
,,0.032505,8557.2,0.0130331,39902.2,,,,,,,,,,,,
,,0.032608,8479.8,0.0130795,39772.6,,,,,,,,,,,,
,,0.032711,8402.9,0.013126,39643.1,,,,,,,,,,,,
,,0.032814,8326.6,0.0131726,39513.7,,,,,,,,,,,,
,,0.032917,8250.8,0.0132192,39384.6,,,,,,,,,,,,
,,0.03302,8175.6,0.0132659,39255.7,,,,,,,,,,,,
,,0.033123,8100.9,0.0133127,39127,,,,,,,,,,,,
,,0.033226,8026.7,0.0133595,38998.5,,,,,,,,,,,,
,,0.033329,7953.1,0.0134064,38870.2,,,,,,,,,,,,
,,0.033433,7880,0.0134534,38742.1,,,,,,,,,,,,
,,0.033536,7807.4,0.0135004,38614.2,,,,,,,,,,,,
,,0.033639,7735.3,0.0135475,38486.4,,,,,,,,,,,,
,,0.033743,7663.8,0.0135947,38358.9,,,,,,,,,,,,
,,0.033846,7592.7,0.0136419,38231.6,,,,,,,,,,,,
,,0.03395,7522.2,0.0136892,38104.4,,,,,,,,,,,,
,,0.034053,7452.2,0.0137366,37977.4,,,,,,,,,,,,
,,0.034157,7382.7,0.013784,37850.6,,,,,,,,,,,,
,,0.03426,7313.8,0.0138315,37724,,,,,,,,,,,,
,,0.034364,7245.3,0.013879,37597.4,,,,,,,,,,,,
,,0.034468,7177.3,0.0139267,37471,,,,,,,,,,,,
,,0.034571,7109.9,0.0139743,37344.7,,,,,,,,,,,,
,,0.034675,7043,0.0140221,37218.6,,,,,,,,,,,,
,,0.034779,6976.6,0.0140699,37092.6,,,,,,,,,,,,
,,0.034883,6910.6,0.0141178,36966.7,,,,,,,,,,,,
,,0.034987,6845.2,0.0141657,36840.9,,,,,,,,,,,,
,,0.035091,6780.3,0.0142137,36715.3,,,,,,,,,,,,
,,0.035195,6715.9,0.0142618,36589.9,,,,,,,,,,,,
,,0.035299,6652,0.0143099,36464.5,,,,,,,,,,,,
,,0.035403,6588.6,0.0143581,36339.3,,,,,,,,,,,,
,,0.035507,6525.7,0.0144063,36214.3,,,,,,,,,,,,
,,0.035611,6463.3,0.0144547,36089.5,,,,,,,,,,,,
,,0.035715,6401.4,0.014503,35964.8,,,,,,,,,,,,
,,0.035819,6340,0.0145515,35840.2,,,,,,,,,,,,
,,0.035923,6279.1,0.0146,35715.9,,,,,,,,,,,,
,,0.036027,6218.6,0.0146486,35591.7,,,,,,,,,,,,
,,0.036131,6158.7,0.0146972,35467.8,,,,,,,,,,,,
,,0.036236,6099.2,0.0147459,35344.1,,,,,,,,,,,,
,,0.03634,6040.2,0.0147946,35220.7,,,,,,,,,,,,
,,0.036444,5981.8,0.0148435,35097.4,,,,,,,,,,,,
,,0.036549,5923.7,0.0148923,34974.4,,,,,,,,,,,,
,,0.036653,5866.2,0.0149413,34851.6,,,,,,,,,,,,
,,0.036757,5809.1,0.0149903,34729.1,,,,,,,,,,,,
,,0.036862,5752.5,0.0150394,34606.9,,,,,,,,,,,,
,,0.036966,5696.3,0.0150885,34484.9,,,,,,,,,,,,
,,0.03707,5640.7,0.0151377,34363.1,,,,,,,,,,,,
,,0.037175,5585.4,0.0151869,34241.7,,,,,,,,,,,,
,,0.037279,5530.7,0.0152362,34120.5,,,,,,,,,,,,
,,0.037384,5476.3,0.0152856,33999.5,,,,,,,,,,,,
,,0.037488,5422.5,0.015335,33878.8,,,,,,,,,,,,
,,0.037593,5369,0.0153845,33758.3,,,,,,,,,,,,
,,0.037697,5316,0.0154341,33638,,,,,,,,,,,,
,,0.037802,5263.5,0.0154837,33518,,,,,,,,,,,,
,,0.037907,5211.4,0.0155334,33398.2,,,,,,,,,,,,
,,0.038011,5159.7,0.0155831,33278.7,,,,,,,,,,,,
,,0.038116,5108.4,0.0156329,33159.3,,,,,,,,,,,,
,,0.03822,5057.7,0.0156828,33040.2,,,,,,,,,,,,
,,0.038325,5007.4,0.0157327,32921.4,,,,,,,,,,,,
,,0.03843,4957.6,0.0157827,32802.7,,,,,,,,,,,,
,,0.038534,4908.3,0.0158327,32684.2,,,,,,,,,,,,
,,0.038639,4859.4,0.0158828,32566,,,,,,,,,,,,
,,0.038744,4811,0.015933,32448,,,,,,,,,,,,
,,0.038848,4763,0.0159832,32330.1,,,,,,,,,,,,
,,0.038953,4715.4,0.0160335,32212.5,,,,,,,,,,,,
,,0.039058,4668.1,0.0160838,32095.1,,,,,,,,,,,,
,,0.039162,4621.3,0.0161342,31977.9,,,,,,,,,,,,
,,0.039267,4575,0.0161846,31861,,,,,,,,,,,,
,,0.039372,4529.3,0.0162352,31744.2,,,,,,,,,,,,
,,0.039476,4484.5,0.0162857,31627.7,,,,,,,,,,,,
,,0.039581,4441,0.0163364,31511.4,,,,,,,,,,,,
,,0.039686,4399.3,0.016387,31395.3,,,,,,,,,,,,
,,0.039791,4360.4,0.0164378,31279.5,,,,,,,,,,,,
,,0.039895,4326.1,0.0164886,31163.8,,,,,,,,,,,,
,,,,0.0165395,31048.4,,,,,,,,,,,,
,,,,0.0165904,30933.3,,,,,,,,,,,,
,,,,0.0166413,30818.3,,,,,,,,,,,,
,,,,0.0166924,30703.6,,,,,,,,,,,,
,,,,0.0167435,30589.2,,,,,,,,,,,,
,,,,0.0167946,30475,,,,,,,,,,,,
,,,,0.0168458,30361,,,,,,,,,,,,
,,,,0.0168971,30247.2,,,,,,,,,,,,
,,,,0.0169484,30133.7,,,,,,,,,,,,
,,,,0.0169998,30020.4,,,,,,,,,,,,
,,,,0.0170512,29907.4,,,,,,,,,,,,
,,,,0.0171027,29794.5,,,,,,,,,,,,
,,,,0.0171543,29681.9,,,,,,,,,,,,
,,,,0.0172059,29569.5,,,,,,,,,,,,
,,,,0.0172575,29457.4,,,,,,,,,,,,
,,,,0.0173092,29345.5,,,,,,,,,,,,
,,,,0.017361,29233.8,,,,,,,,,,,,
,,,,0.0174128,29122.3,,,,,,,,,,,,
,,,,0.0174647,29011.1,,,,,,,,,,,,
,,,,0.0175167,28900,,,,,,,,,,,,
,,,,0.0175687,28789.2,,,,,,,,,,,,
,,,,0.0176207,28678.6,,,,,,,,,,,,
,,,,0.0176728,28568.2,,,,,,,,,,,,
,,,,0.017725,28457.9,,,,,,,,,,,,
,,,,0.0177772,28347.9,,,,,,,,,,,,
,,,,0.0178295,28238.2,,,,,,,,,,,,
,,,,0.0178818,28128.6,,,,,,,,,,,,
,,,,0.0179342,28019.2,,,,,,,,,,,,
,,,,0.0179866,27910,,,,,,,,,,,,
,,,,0.0180391,27801,,,,,,,,,,,,
,,,,0.0180916,27692.3,,,,,,,,,,,,
,,,,0.0181442,27583.7,,,,,,,,,,,,
,,,,0.0181969,27475.4,,,,,,,,,,,,
,,,,0.0182496,27367.3,,,,,,,,,,,,
,,,,0.0183023,27259.4,,,,,,,,,,,,
,,,,0.0183551,27151.8,,,,,,,,,,,,
,,,,0.018408,27044.4,,,,,,,,,,,,
,,,,0.0184609,26937.3,,,,,,,,,,,,
,,,,0.0185139,26830.5,,,,,,,,,,,,
,,,,0.0185669,26723.9,,,,,,,,,,,,
,,,,0.01862,26617.6,,,,,,,,,,,,
,,,,0.0186731,26511.5,,,,,,,,,,,,
,,,,0.0187263,26405.8,,,,,,,,,,,,
,,,,0.0187796,26300.3,,,,,,,,,,,,
,,,,0.0188328,26195.2,,,,,,,,,,,,
,,,,0.0188862,26090.4,,,,,,,,,,,,
,,,,0.0189396,25985.9,,,,,,,,,,,,
,,,,0.018993,25881.7,,,,,,,,,,,,
,,,,0.0190465,25777.8,,,,,,,,,,,,
,,,,0.0191001,25674.2,,,,,,,,,,,,
,,,,0.0191537,25570.9,,,,,,,,,,,,
,,,,0.0192073,25467.8,,,,,,,,,,,,
,,,,0.019261,25365.1,,,,,,,,,,,,
,,,,0.0193148,25262.6,,,,,,,,,,,,
,,,,0.0193686,25160.5,,,,,,,,,,,,
,,,,0.0194224,25058.6,,,,,,,,,,,,
,,,,0.0194763,24956.9,,,,,,,,,,,,
,,,,0.0195303,24855.5,,,,,,,,,,,,
,,,,0.0195843,24754.3,,,,,,,,,,,,
,,,,0.0196383,24653.4,,,,,,,,,,,,
,,,,0.0196925,24552.7,,,,,,,,,,,,
,,,,0.0197466,24452.2,,,,,,,,,,,,
,,,,0.0198008,24351.9,,,,,,,,,,,,
,,,,0.0198551,24251.8,,,,,,,,,,,,
,,,,0.0199094,24152,,,,,,,,,,,,
,,,,0.0199637,24052.5,,,,,,,,,,,,
,,,,0.0200181,23953.1,,,,,,,,,,,,
,,,,0.0200726,23854,,,,,,,,,,,,
,,,,0.0201271,23755.1,,,,,,,,,,,,
,,,,0.0201817,23656.5,,,,,,,,,,,,
,,,,0.0202363,23558.1,,,,,,,,,,,,
,,,,0.0202909,23459.9,,,,,,,,,,,,
,,,,0.0203456,23362,,,,,,,,,,,,
,,,,0.0204004,23264.4,,,,,,,,,,,,
,,,,0.0204551,23167,,,,,,,,,,,,
,,,,0.02051,23070,,,,,,,,,,,,
,,,,0.0205649,22973.2,,,,,,,,,,,,
,,,,0.0206198,22876.6,,,,,,,,,,,,
,,,,0.0206748,22780.4,,,,,,,,,,,,
,,,,0.0207299,22684.4,,,,,,,,,,,,
,,,,0.0207849,22588.7,,,,,,,,,,,,
,,,,0.0208401,22493.3,,,,,,,,,,,,
,,,,0.0208952,22398.2,,,,,,,,,,,,
,,,,0.0209505,22303.3,,,,,,,,,,,,
,,,,0.0210057,22208.7,,,,,,,,,,,,
,,,,0.0210611,22114.4,,,,,,,,,,,,
,,,,0.0211164,22020.4,,,,,,,,,,,,
,,,,0.0211718,21926.6,,,,,,,,,,,,
,,,,0.0212273,21833.1,,,,,,,,,,,,
,,,,0.0212828,21739.9,,,,,,,,,,,,
,,,,0.0213384,21646.9,,,,,,,,,,,,
,,,,0.021394,21554.1,,,,,,,,,,,,
,,,,0.0214496,21461.6,,,,,,,,,,,,
,,,,0.0215053,21369.4,,,,,,,,,,,,
,,,,0.021561,21277.4,,,,,,,,,,,,
,,,,0.0216168,21185.7,,,,,,,,,,,,
,,,,0.0216726,21094.2,,,,,,,,,,,,
,,,,0.0217285,21002.9,,,,,,,,,,,,
,,,,0.0217844,20912,,,,,,,,,,,,
,,,,0.0218404,20821.3,,,,,,,,,,,,
,,,,0.0218964,20730.8,,,,,,,,,,,,
,,,,0.0219524,20640.6,,,,,,,,,,,,
,,,,0.0220085,20550.7,,,,,,,,,,,,
,,,,0.0220647,20461,,,,,,,,,,,,
,,,,0.0221209,20371.5,,,,,,,,,,,,
,,,,0.0221771,20282.4,,,,,,,,,,,,
,,,,0.0222334,20193.5,,,,,,,,,,,,
,,,,0.0222897,20104.9,,,,,,,,,,,,
,,,,0.022346,20016.5,,,,,,,,,,,,
,,,,0.0224024,19928.5,,,,,,,,,,,,
,,,,0.0224589,19840.7,,,,,,,,,,,,
,,,,0.0225154,19753.1,,,,,,,,,,,,
,,,,0.0225719,19665.8,,,,,,,,,,,,
,,,,0.0226285,19578.8,,,,,,,,,,,,
,,,,0.0226851,19492.1,,,,,,,,,,,,
,,,,0.0227418,19405.6,,,,,,,,,,,,
,,,,0.0227985,19319.4,,,,,,,,,,,,
,,,,0.0228552,19233.4,,,,,,,,,,,,
,,,,0.022912,19147.7,,,,,,,,,,,,
,,,,0.0229688,19062.2,,,,,,,,,,,,
,,,,0.0230257,18977,,,,,,,,,,,,
,,,,0.0230826,18892.1,,,,,,,,,,,,
,,,,0.0231396,18807.4,,,,,,,,,,,,
,,,,0.0231966,18722.9,,,,,,,,,,,,
,,,,0.0232536,18638.7,,,,,,,,,,,,
,,,,0.0233107,18554.8,,,,,,,,,,,,
,,,,0.0233678,18471.1,,,,,,,,,,,,
,,,,0.023425,18387.7,,,,,,,,,,,,
,,,,0.0234822,18304.6,,,,,,,,,,,,
,,,,0.0235394,18221.7,,,,,,,,,,,,
,,,,0.0235967,18139.2,,,,,,,,,,,,
,,,,0.023654,18056.8,,,,,,,,,,,,
,,,,0.0237114,17974.8,,,,,,,,,,,,
,,,,0.0237688,17893,,,,,,,,,,,,
,,,,0.0238263,17811.6,,,,,,,,,,,,
,,,,0.0238837,17730.4,,,,,,,,,,,,
,,,,0.0239413,17649.5,,,,,,,,,,,,
,,,,0.0239988,17568.8,,,,,,,,,,,,
,,,,0.0240564,17488.5,,,,,,,,,,,,
,,,,0.0241141,17408.4,,,,,,,,,,,,
,,,,0.0241718,17328.6,,,,,,,,,,,,
,,,,0.0242295,17249.1,,,,,,,,,,,,
,,,,0.0242873,17169.9,,,,,,,,,,,,
,,,,0.0243451,17090.9,,,,,,,,,,,,
,,,,0.0244029,17012.2,,,,,,,,,,,,
,,,,0.0244608,16933.7,,,,,,,,,,,,
,,,,0.0245187,16855.5,,,,,,,,,,,,
,,,,0.0245766,16777.6,,,,,,,,,,,,
,,,,0.0246346,16699.9,,,,,,,,,,,,
,,,,0.0246927,16622.5,,,,,,,,,,,,
,,,,0.0247507,16545.3,,,,,,,,,,,,
,,,,0.0248088,16468.3,,,,,,,,,,,,
,,,,0.024867,16391.6,,,,,,,,,,,,
,,,,0.0249252,16315.1,,,,,,,,,,,,
,,,,0.0249834,16238.9,,,,,,,,,,,,
,,,,0.0250416,16162.9,,,,,,,,,,,,
,,,,0.0250999,16087.1,,,,,,,,,,,,
,,,,0.0251583,16011.6,,,,,,,,,,,,
,,,,0.0252166,15936.3,,,,,,,,,,,,
,,,,0.025275,15861.2,,,,,,,,,,,,
,,,,0.0253335,15786.4,,,,,,,,,,,,
,,,,0.0253919,15711.8,,,,,,,,,,,,
,,,,0.0254504,15637.5,,,,,,,,,,,,
,,,,0.025509,15563.4,,,,,,,,,,,,
,,,,0.0255676,15489.5,,,,,,,,,,,,
,,,,0.0256262,15415.9,,,,,,,,,,,,
,,,,0.0256848,15342.5,,,,,,,,,,,,
,,,,0.0257435,15269.4,,,,,,,,,,,,
,,,,0.0258022,15196.5,,,,,,,,,,,,
,,,,0.025861,15124,,,,,,,,,,,,
,,,,0.0259198,15051.6,,,,,,,,,,,,
,,,,0.0259786,14979.5,,,,,,,,,,,,
,,,,0.0260375,14907.7,,,,,,,,,,,,
,,,,0.0260964,14836.2,,,,,,,,,,,,
,,,,0.0261553,14764.9,,,,,,,,,,,,
,,,,0.0262143,14693.8,,,,,,,,,,,,
,,,,0.0262733,14623.1,,,,,,,,,,,,
,,,,0.0263323,14552.6,,,,,,,,,,,,
,,,,0.0263914,14482.4,,,,,,,,,,,,
,,,,0.0264505,14412.4,,,,,,,,,,,,
,,,,0.0265096,14342.7,,,,,,,,,,,,
,,,,0.0265688,14273.3,,,,,,,,,,,,
,,,,0.026628,14204.1,,,,,,,,,,,,
,,,,0.0266872,14135.2,,,,,,,,,,,,
,,,,0.0267465,14066.6,,,,,,,,,,,,
,,,,0.0268058,13998.2,,,,,,,,,,,,
,,,,0.0268651,13930.1,,,,,,,,,,,,
,,,,0.0269245,13862.2,,,,,,,,,,,,
,,,,0.0269839,13794.6,,,,,,,,,,,,
,,,,0.0270433,13727.3,,,,,,,,,,,,
,,,,0.0271028,13660.2,,,,,,,,,,,,
,,,,0.0271623,13593.4,,,,,,,,,,,,
,,,,0.0272218,13526.8,,,,,,,,,,,,
,,,,0.0272813,13460.4,,,,,,,,,,,,
,,,,0.0273409,13394.3,,,,,,,,,,,,
,,,,0.0274005,13328.5,,,,,,,,,,,,
,,,,0.0274602,13262.9,,,,,,,,,,,,
,,,,0.0275199,13197.6,,,,,,,,,,,,
,,,,0.0275796,13132.5,,,,,,,,,,,,
,,,,0.0276393,13067.6,,,,,,,,,,,,
,,,,0.0276991,13003,,,,,,,,,,,,
,,,,0.0277589,12938.6,,,,,,,,,,,,
,,,,0.0278187,12874.5,,,,,,,,,,,,
,,,,0.0278786,12810.6,,,,,,,,,,,,
,,,,0.0279385,12746.9,,,,,,,,,,,,
,,,,0.0279984,12683.5,,,,,,,,,,,,
,,,,0.0280584,12620.3,,,,,,,,,,,,
,,,,0.0281183,12557.4,,,,,,,,,,,,
,,,,0.0281783,12494.7,,,,,,,,,,,,
,,,,0.0282384,12432.2,,,,,,,,,,,,
,,,,0.0282985,12370,,,,,,,,,,,,
,,,,0.0283586,12308,,,,,,,,,,,,
,,,,0.0284187,12246.2,,,,,,,,,,,,
,,,,0.0284788,12184.7,,,,,,,,,,,,
,,,,0.028539,12123.4,,,,,,,,,,,,
,,,,0.0285992,12062.3,,,,,,,,,,,,
,,,,0.0286595,12001.5,,,,,,,,,,,,
,,,,0.0287197,11940.9,,,,,,,,,,,,
,,,,0.02878,11880.6,,,,,,,,,,,,
,,,,0.0288404,11820.5,,,,,,,,,,,,
,,,,0.0289007,11760.6,,,,,,,,,,,,
,,,,0.0289611,11701,,,,,,,,,,,,
,,,,0.0290215,11641.5,,,,,,,,,,,,
,,,,0.0290819,11582.4,,,,,,,,,,,,
,,,,0.0291424,11523.4,,,,,,,,,,,,
,,,,0.0292029,11464.7,,,,,,,,,,,,
,,,,0.0292634,11406.3,,,,,,,,,,,,
,,,,0.0293239,11348,,,,,,,,,,,,
,,,,0.0293845,11290,,,,,,,,,,,,
,,,,0.0294451,11232.2,,,,,,,,,,,,
,,,,0.0295057,11174.7,,,,,,,,,,,,
,,,,0.0295663,11117.4,,,,,,,,,,,,
,,,,0.029627,11060.3,,,,,,,,,,,,
,,,,0.0296877,11003.5,,,,,,,,,,,,
,,,,0.0297484,10946.8,,,,,,,,,,,,
,,,,0.0298092,10890.4,,,,,,,,,,,,
,,,,0.0298699,10834.3,,,,,,,,,,,,
,,,,0.0299307,10778.3,,,,,,,,,,,,
,,,,0.0299916,10722.6,,,,,,,,,,,,
,,,,0.0300524,10667.1,,,,,,,,,,,,
,,,,0.0301133,10611.9,,,,,,,,,,,,
,,,,0.0301742,10556.8,,,,,,,,,,,,
,,,,0.0302351,10502,,,,,,,,,,,,
,,,,0.030296,10447.5,,,,,,,,,,,,
,,,,0.030357,10393.1,,,,,,,,,,,,
,,,,0.030418,10339,,,,,,,,,,,,
,,,,0.030479,10285.1,,,,,,,,,,,,
,,,,0.03054,10231.4,,,,,,,,,,,,
,,,,0.0306011,10177.9,,,,,,,,,,,,
,,,,0.0306622,10124.6,,,,,,,,,,,,
,,,,0.0307233,10071.6,,,,,,,,,,,,
,,,,0.0307844,10018.8,,,,,,,,,,,,
,,,,0.0308456,9966.25,,,,,,,,,,,,
,,,,0.0309068,9913.88,,,,,,,,,,,,
,,,,0.0309679,9861.74,,,,,,,,,,,,
,,,,0.0310292,9809.82,,,,,,,,,,,,
,,,,0.0310904,9758.12,,,,,,,,,,,,
,,,,0.0311517,9706.63,,,,,,,,,,,,
,,,,0.031213,9655.36,,,,,,,,,,,,
,,,,0.0312743,9604.3,,,,,,,,,,,,
,,,,0.0313356,9553.48,,,,,,,,,,,,
,,,,0.031397,9502.87,,,,,,,,,,,,
,,,,0.0314583,9452.47,,,,,,,,,,,,
,,,,0.0315197,9402.29,,,,,,,,,,,,
,,,,0.0315811,9352.32,,,,,,,,,,,,
,,,,0.0316426,9302.56,,,,,,,,,,,,
,,,,0.031704,9253.03,,,,,,,,,,,,
,,,,0.0317655,9203.69,,,,,,,,,,,,
,,,,0.031827,9154.56,,,,,,,,,,,,
,,,,0.0318885,9105.65,,,,,,,,,,,,
,,,,0.03195,9056.96,,,,,,,,,,,,
,,,,0.0320116,9008.48,,,,,,,,,,,,
,,,,0.0320732,8960.2,,,,,,,,,,,,
,,,,0.0321348,8912.13,,,,,,,,,,,,
,,,,0.0321964,8864.27,,,,,,,,,,,,
,,,,0.032258,8816.61,,,,,,,,,,,,
,,,,0.0323197,8769.17,,,,,,,,,,,,
,,,,0.0323813,8721.92,,,,,,,,,,,,
,,,,0.032443,8674.88,,,,,,,,,,,,
,,,,0.0325047,8628.04,,,,,,,,,,,,
,,,,0.0325665,8581.42,,,,,,,,,,,,
,,,,0.0326282,8535,,,,,,,,,,,,
,,,,0.03269,8488.78,,,,,,,,,,,,
,,,,0.0327518,8442.77,,,,,,,,,,,,
,,,,0.0328136,8396.95,,,,,,,,,,,,
,,,,0.0328754,8351.33,,,,,,,,,,,,
,,,,0.0329372,8305.93,,,,,,,,,,,,
,,,,0.0329991,8260.71,,,,,,,,,,,,
,,,,0.0330609,8215.68,,,,,,,,,,,,
,,,,0.0331228,8170.86,,,,,,,,,,,,
,,,,0.0331847,8126.25,,,,,,,,,,,,
,,,,0.0332467,8081.83,,,,,,,,,,,,
,,,,0.0333086,8037.61,,,,,,,,,,,,
,,,,0.0333706,7993.59,,,,,,,,,,,,
,,,,0.0334325,7949.76,,,,,,,,,,,,
,,,,0.0334945,7906.13,,,,,,,,,,,,
,,,,0.0335565,7862.7,,,,,,,,,,,,
,,,,0.0336185,7819.46,,,,,,,,,,,,
,,,,0.0336806,7776.41,,,,,,,,,,,,
,,,,0.0337426,7733.56,,,,,,,,,,,,
,,,,0.0338047,7690.92,,,,,,,,,,,,
,,,,0.0338668,7648.46,,,,,,,,,,,,
,,,,0.0339289,7606.2,,,,,,,,,,,,
,,,,0.033991,7564.13,,,,,,,,,,,,
,,,,0.0340531,7522.26,,,,,,,,,,,,
,,,,0.0341152,7480.58,,,,,,,,,,,,
,,,,0.0341774,7439.08,,,,,,,,,,,,
,,,,0.0342396,7397.79,,,,,,,,,,,,
,,,,0.0343018,7356.68,,,,,,,,,,,,
,,,,0.034364,7315.76,,,,,,,,,,,,
,,,,0.0344262,7275.03,,,,,,,,,,,,
,,,,0.0344884,7234.5,,,,,,,,,,,,
,,,,0.0345506,7194.16,,,,,,,,,,,,
,,,,0.0346129,7154.01,,,,,,,,,,,,
,,,,0.0346751,7114.05,,,,,,,,,,,,
,,,,0.0347374,7074.28,,,,,,,,,,,,
,,,,0.0347997,7034.69,,,,,,,,,,,,
,,,,0.034862,6995.3,,,,,,,,,,,,
,,,,0.0349243,6956.08,,,,,,,,,,,,
,,,,0.0349867,6917.04,,,,,,,,,,,,
,,,,0.035049,6878.2,,,,,,,,,,,,
,,,,0.0351114,6839.54,,,,,,,,,,,,
,,,,0.0351737,6801.07,,,,,,,,,,,,
,,,,0.0352361,6762.78,,,,,,,,,,,,
,,,,0.0352985,6724.67,,,,,,,,,,,,
,,,,0.0353609,6686.75,,,,,,,,,,,,
,,,,0.0354233,6649,,,,,,,,,,,,
,,,,0.0354857,6611.44,,,,,,,,,,,,
,,,,0.0355482,6574.06,,,,,,,,,,,,
,,,,0.0356106,6536.84,,,,,,,,,,,,
,,,,0.0356731,6499.81,,,,,,,,,,,,
,,,,0.0357356,6462.96,,,,,,,,,,,,
,,,,0.035798,6426.29,,,,,,,,,,,,
,,,,0.0358605,6389.8,,,,,,,,,,,,
,,,,0.035923,6353.47,,,,,,,,,,,,
,,,,0.0359855,6317.32,,,,,,,,,,,,
,,,,0.0360481,6281.34,,,,,,,,,,,,
,,,,0.0361106,6245.55,,,,,,,,,,,,
,,,,0.0361731,6209.91,,,,,,,,,,,,
,,,,0.0362357,6174.44,,,,,,,,,,,,
,,,,0.0362982,6139.15,,,,,,,,,,,,
,,,,0.0363608,6104.04,,,,,,,,,,,,
,,,,0.0364234,6069.09,,,,,,,,,,,,
,,,,0.036486,6034.32,,,,,,,,,,,,
,,,,0.0365485,5999.71,,,,,,,,,,,,
,,,,0.0366111,5965.27,,,,,,,,,,,,
,,,,0.0366738,5930.99,,,,,,,,,,,,
,,,,0.0367364,5896.9,,,,,,,,,,,,
,,,,0.036799,5862.95,,,,,,,,,,,,
,,,,0.0368616,5829.16,,,,,,,,,,,,
,,,,0.0369243,5795.55,,,,,,,,,,,,
,,,,0.0369869,5762.11,,,,,,,,,,,,
,,,,0.0370496,5728.83,,,,,,,,,,,,
,,,,0.0371123,5695.72,,,,,,,,,,,,
,,,,0.0371749,5662.76,,,,,,,,,,,,
,,,,0.0372376,5629.97,,,,,,,,,,,,
,,,,0.0373003,5597.34,,,,,,,,,,,,
,,,,0.037363,5564.89,,,,,,,,,,,,
,,,,0.0374257,5532.58,,,,,,,,,,,,
,,,,0.0374884,5500.44,,,,,,,,,,,,
,,,,0.0375511,5468.45,,,,,,,,,,,,
,,,,0.0376138,5436.64,,,,,,,,,,,,
,,,,0.0376765,5404.99,,,,,,,,,,,,
,,,,0.0377393,5373.5,,,,,,,,,,,,
,,,,0.037802,5342.17,,,,,,,,,,,,
,,,,0.0378647,5310.99,,,,,,,,,,,,
,,,,0.0379275,5279.98,,,,,,,,,,,,
,,,,0.0379902,5249.13,,,,,,,,,,,,
,,,,0.038053,5218.44,,,,,,,,,,,,
,,,,0.0381157,5187.9,,,,,,,,,,,,
,,,,0.0381785,5157.52,,,,,,,,,,,,
,,,,0.0382413,5127.32,,,,,,,,,,,,
,,,,0.038304,5097.27,,,,,,,,,,,,
,,,,0.0383668,5067.39,,,,,,,,,,,,
,,,,0.0384296,5037.66,,,,,,,,,,,,
,,,,0.0384924,5008.09,,,,,,,,,,,,
,,,,0.0385552,4978.69,,,,,,,,,,,,
,,,,0.038618,4949.45,,,,,,,,,,,,
,,,,0.0386808,4920.36,,,,,,,,,,,,
,,,,0.0387436,4891.44,,,,,,,,,,,,
,,,,0.0388064,4862.69,,,,,,,,,,,,
,,,,0.0388692,4834.12,,,,,,,,,,,,
,,,,0.038932,4805.72,,,,,,,,,,,,
,,,,0.0389948,4777.5,,,,,,,,,,,,
,,,,0.0390576,4749.48,,,,,,,,,,,,
,,,,0.0391204,4721.65,,,,,,,,,,,,
,,,,0.0391832,4694.04,,,,,,,,,,,,
,,,,0.0392461,4666.69,,,,,,,,,,,,
,,,,0.0393089,4639.58,,,,,,,,,,,,
,,,,0.0393717,4612.76,,,,,,,,,,,,
,,,,0.0394345,4586.31,,,,,,,,,,,,
,,,,0.0394974,4560.29,,,,,,,,,,,,
,,,,0.0395602,4534.77,,,,,,,,,,,,
,,,,0.039623,4509.89,,,,,,,,,,,,
,,,,0.0396858,4485.78,,,,,,,,,,,,
,,,,0.0397487,4462.65,,,,,,,,,,,,
,,,,0.0398115,4440.77,,,,,,,,,,,,
,,,,0.0398743,4420.46,,,,,,,,,,,,
,,,,0.0399372,4402.13,,,,,,,,,,,,
,,,,0.04,4386.27,,,,,,,,,,,,
